Workbook

Sheet Cover
A1: QA Test Plan Tracker — Modbus → EdgeConnect → OPC UA Server pipeline
A2: Source plan: docs/qa/2026-05-27-modbus-to-opcua-pipeline-qa-plan.md
A3: Branch: claude/m2d4-impl (post-M.2d.4) · Date: 2026-05-27
A5: Summary statistics
A6: Metric | B6: P1 | C6: P2 | D6: P3 | E6: Total
A7: Total cases | B7: =COUNTIF('Test Cases'!C:C,"P1") | C7: =COUNTIF('Test Cases'!C:C,"P2") | D7: =COUNTIF('Test Cases'!C:C,"P3") | E7: =SUM(B7:D7)
A8: Pass | B8: =COUNTIFS('Test Cases'!C:C,"P1",'Test Cases'!H:H,"Pass") | C8: =COUNTIFS('Test Cases'!C:C,"P2",'Test Cases'!H:H,"Pass") | D8: =COUNTIFS('Test Cases'!C:C,"P3",'Test Cases'!H:H,"Pass") | E8: =SUM(B8:D8)
A9: Fail | B9: =COUNTIFS('Test Cases'!C:C,"P1",'Test Cases'!H:H,"Fail") | C9: =COUNTIFS('Test Cases'!C:C,"P2",'Test Cases'!H:H,"Fail") | D9: =COUNTIFS('Test Cases'!C:C,"P3",'Test Cases'!H:H,"Fail") | E9: =SUM(B9:D9)
A10: Blocked | B10: =COUNTIFS('Test Cases'!C:C,"P1",'Test Cases'!H:H,"Blocked") | C10: =COUNTIFS('Test Cases'!C:C,"P2",'Test Cases'!H:H,"Blocked") | D10: =COUNTIFS('Test Cases'!C:C,"P3",'Test Cases'!H:H,"Blocked") | E10: =SUM(B10:D10)
A11: Not Run | B11: =COUNTIFS('Test Cases'!C:C,"P1",'Test Cases'!H:H,"Not Run") | C11: =COUNTIFS('Test Cases'!C:C,"P2",'Test Cases'!H:H,"Not Run") | D11: =COUNTIFS('Test Cases'!C:C,"P3",'Test Cases'!H:H,"Not Run") | E11: =SUM(B11:D11)
A12: N/A | B12: =COUNTIFS('Test Cases'!C:C,"P1",'Test Cases'!H:H,"N/A") | C12: =COUNTIFS('Test Cases'!C:C,"P2",'Test Cases'!H:H,"N/A") | D12: =COUNTIFS('Test Cases'!C:C,"P3",'Test Cases'!H:H,"N/A") | E12: =SUM(B12:D12)
A13: Pass % | B13: =IFERROR(B8/B7,0) | C13: =IFERROR(C8/C7,0) | D13: =IFERROR(D8/D7,0) | E13: =IFERROR(E8/E7,0)
A15: By category
A16: Category | B16: Total | C16: Pass | D16: Fail | E16: Blocked | F16: Not Run | G16: Pass %
A17: Functional | B17: =COUNTIF('Test Cases'!B:B,"Functional") | C17: =COUNTIFS('Test Cases'!B:B,"Functional",'Test Cases'!H:H,"Pass") | D17: =COUNTIFS('Test Cases'!B:B,"Functional",'Test Cases'!H:H,"Fail") | E17: =COUNTIFS('Test Cases'!B:B,"Functional",'Test Cases'!H:H,"Blocked") | F17: =COUNTIFS('Test Cases'!B:B,"Functional",'Test Cases'!H:H,"Not Run") | G17: =IFERROR(C17/B17,0)
A18: Configuration | B18: =COUNTIF('Test Cases'!B:B,"Configuration") | C18: =COUNTIFS('Test Cases'!B:B,"Configuration",'Test Cases'!H:H,"Pass") | D18: =COUNTIFS('Test Cases'!B:B,"Configuration",'Test Cases'!H:H,"Fail") | E18: =COUNTIFS('Test Cases'!B:B,"Configuration",'Test Cases'!H:H,"Blocked") | F18: =COUNTIFS('Test Cases'!B:B,"Configuration",'Test Cases'!H:H,"Not Run") | G18: =IFERROR(C18/B18,0)
A19: Performance | B19: =COUNTIF('Test Cases'!B:B,"Performance") | C19: =COUNTIFS('Test Cases'!B:B,"Performance",'Test Cases'!H:H,"Pass") | D19: =COUNTIFS('Test Cases'!B:B,"Performance",'Test Cases'!H:H,"Fail") | E19: =COUNTIFS('Test Cases'!B:B,"Performance",'Test Cases'!H:H,"Blocked") | F19: =COUNTIFS('Test Cases'!B:B,"Performance",'Test Cases'!H:H,"Not Run") | G19: =IFERROR(C19/B19,0)
A20: Reliability | B20: =COUNTIF('Test Cases'!B:B,"Reliability") | C20: =COUNTIFS('Test Cases'!B:B,"Reliability",'Test Cases'!H:H,"Pass") | D20: =COUNTIFS('Test Cases'!B:B,"Reliability",'Test Cases'!H:H,"Fail") | E20: =COUNTIFS('Test Cases'!B:B,"Reliability",'Test Cases'!H:H,"Blocked") | F20: =COUNTIFS('Test Cases'!B:B,"Reliability",'Test Cases'!H:H,"Not Run") | G20: =IFERROR(C20/B20,0)
A21: Recovery | B21: =COUNTIF('Test Cases'!B:B,"Recovery") | C21: =COUNTIFS('Test Cases'!B:B,"Recovery",'Test Cases'!H:H,"Pass") | D21: =COUNTIFS('Test Cases'!B:B,"Recovery",'Test Cases'!H:H,"Fail") | E21: =COUNTIFS('Test Cases'!B:B,"Recovery",'Test Cases'!H:H,"Blocked") | F21: =COUNTIFS('Test Cases'!B:B,"Recovery",'Test Cases'!H:H,"Not Run") | G21: =IFERROR(C21/B21,0)
A22: Security | B22: =COUNTIF('Test Cases'!B:B,"Security") | C22: =COUNTIFS('Test Cases'!B:B,"Security",'Test Cases'!H:H,"Pass") | D22: =COUNTIFS('Test Cases'!B:B,"Security",'Test Cases'!H:H,"Fail") | E22: =COUNTIFS('Test Cases'!B:B,"Security",'Test Cases'!H:H,"Blocked") | F22: =COUNTIFS('Test Cases'!B:B,"Security",'Test Cases'!H:H,"Not Run") | G22: =IFERROR(C22/B22,0)
A23: Diagnostics | B23: =COUNTIF('Test Cases'!B:B,"Diagnostics") | C23: =COUNTIFS('Test Cases'!B:B,"Diagnostics",'Test Cases'!H:H,"Pass") | D23: =COUNTIFS('Test Cases'!B:B,"Diagnostics",'Test Cases'!H:H,"Fail") | E23: =COUNTIFS('Test Cases'!B:B,"Diagnostics",'Test Cases'!H:H,"Blocked") | F23: =COUNTIFS('Test Cases'!B:B,"Diagnostics",'Test Cases'!H:H,"Not Run") | G23: =IFERROR(C23/B23,0)
A24: UX/Wizard | B24: =COUNTIF('Test Cases'!B:B,"UX/Wizard") | C24: =COUNTIFS('Test Cases'!B:B,"UX/Wizard",'Test Cases'!H:H,"Pass") | D24: =COUNTIFS('Test Cases'!B:B,"UX/Wizard",'Test Cases'!H:H,"Fail") | E24: =COUNTIFS('Test Cases'!B:B,"UX/Wizard",'Test Cases'!H:H,"Blocked") | F24: =COUNTIFS('Test Cases'!B:B,"UX/Wizard",'Test Cases'!H:H,"Not Run") | G24: =IFERROR(C24/B24,0)
A25: Edge | B25: =COUNTIF('Test Cases'!B:B,"Edge") | C25: =COUNTIFS('Test Cases'!B:B,"Edge",'Test Cases'!H:H,"Pass") | D25: =COUNTIFS('Test Cases'!B:B,"Edge",'Test Cases'!H:H,"Fail") | E25: =COUNTIFS('Test Cases'!B:B,"Edge",'Test Cases'!H:H,"Blocked") | F25: =COUNTIFS('Test Cases'!B:B,"Edge",'Test Cases'!H:H,"Not Run") | G25: =IFERROR(C25/B25,0)
A27: Defect summary (by severity)
A28: S1 (Blocker) | B28: S2 (Critical) | C28: S3 (Major) | D28: S4 (Minor) | E28: S5 (Trivial) | F28: Total
A29: =COUNTIF('Test Cases'!I:I,"S1") | B29: =COUNTIF('Test Cases'!I:I,"S2") | C29: =COUNTIF('Test Cases'!I:I,"S3") | D29: =COUNTIF('Test Cases'!I:I,"S4") | E29: =COUNTIF('Test Cases'!I:I,"S5") | F29: =SUM(A29:E29)
A32: Execution phases
A33: Phase A — Smoke | B33: P1 cases only (~12 cases). Estimated 2 hours. Catches any blocker before deeper testing.
A34: Phase B — Functional + Configuration | B34: All Functional + Configuration cases. Estimated 1 day.
A35: Phase C — Reliability + Recovery + Performance | B35: Reliability (incl. 8-hour soak), Recovery, Performance. Estimated 1 day.
A36: Phase D — Security + Diagnostics + UX + Edge | B36: Remaining categories. Estimated ½ day.
A38: How to use this tracker
A39: 1. Test Cases sheet: pick a row, set the Result column (dropdown: Pass/Fail/Blocked/Not Run/N/A).
A40: 2. If Result=Fail, also fill Severity (S1..S5), Defect ID (link to bug tracker), and Notes.
A41: 3. Tester column = your name. Date Executed = the date you ran it (YYYY-MM-DD).
A42: 4. Pre-conditions and Steps are summaries — the full procedure lives in the QA plan markdown doc.
A43: 5. Cover sheet auto-updates as you fill in the Test Cases sheet (Excel formulas reference column C/H/I).
A44: 6. Cells use conditional formatting: Pass=green, Fail=red, Blocked=amber, Not Run=grey.
A45: 7. Exit gate: 100% P1 pass (no S1/S2 open) + ≥90% P2 pass + all P3 executed.

Sheet Test Cases
A1: TC ID | B1: Category | C1: Priority | D1: Title | E1: Pre-conditions | F1: Steps (summary) | G1: Expected Result | H1: Result | I1: Severity | J1: Defect ID | K1: Tester | L1: Date Executed | M1: Notes
A2: TC-F-001 | B2: Functional | C2: P1 | D2: Add Modbus source via wizard | E2: EdgeConnect + Modbus simulator running | F2: Sources tab → Add → Modbus → fill identity + connection + 3 tags → Save as draft → Config → Validate → Apply | G2: Wizard saves; source appears Running within 5s | H2: Not Run
A3: TC-F-002 | B3: Functional | C3: P1 | D3: Test Connection probe succeeds (valid host) | E3: Modbus simulator running on 127.0.0.1:5020 | F3: Open Modbus source wizard; fill host=127.0.0.1, port=5020, unit=1; click Test Connection | G3: Inline result panel in Connection section, severity=Success, probe ID + elapsed ms shown | H3: Not Run
A4: TC-F-003 | B4: Functional | C4: P1 | D4: Test Connection probe fails (invalid host) | E4: — | F4: Open Modbus source wizard; host=192.0.2.1 (unreachable); click Test Connection | G4: Inline panel, severity=Error, MODBUS.CONNECT_TIMEOUT code + remediation hint | H4: Not Run
A5: TC-F-004 | B5: Functional | C5: P1 | D5: Add OPC UA Server destination | E5: EdgeConnect running | F5: Destinations tab → Add → OPC UA Server → fill endpoint URL + app URI → Security=None → Save → Apply | G5: Destination Running; netstat shows port 4840 listening | H5: Not Run
A6: TC-F-005 | B6: Functional | C6: P1 | D6: Create route wiring source → sink | E6: TC-F-001 + TC-F-004 done | F6: Routes tab → Add → pick source + sink → Save → Apply | G6: Route appears Running, no errors in diagnostics | H6: Not Run
A7: TC-F-006 | B7: Functional | C7: P1 | D7: Tags visible in UaExpert | E7: Pipeline configured per F-001..F-005 | F7: Open UaExpert; add server opc.tcp://localhost:4840/edgeconnect; Security=None; Anonymous; Connect; browse Objects → EdgeConnect → plc → modbus-sim-1 | G7: All 3 tags appear with correct OPC UA datatypes | H7: Not Run
A8: TC-F-007 | B8: Functional | C8: P1 | D8: Tag values update live in UaExpert | E8: TC-F-006 done | F8: Drag tags to Data Access View; observe 60s | G8: Values update at ~scan-rate cadence; no Bad quality; timestamps present | H8: Not Run
A9: TC-F-008 | B9: Functional | C9: P2 | D9: All 4 register classes decode correctly | E9: — | F9: Configure source with tags from Coil, DI, HR, IR classes; wire to OPC UA; subscribe in UaExpert | G9: All 4 tags correct; bools = Boolean datatype (not Int32) | H9: Not Run
A10: TC-F-009 | B10: Functional | C10: P2 | D10: Byte order variations decode correctly | E10: — | F10: Configure tags with AB, ABCD, CDAB, BADC orders; subscribe in UaExpert; cross-check with pymodbus snippet | G10: parts_count = 1,234,567; floats not NaN; values match raw reads | H10: Not Run
A11: TC-F-010 | B11: Functional | C11: P2 | D11: Scale + offset applied to temperature | E11: Simulator running (raw IR:0 = 420) | F11: Add temperature tag with scale=0.1; subscribe in UaExpert | G11: Value shows as 42.0 (NOT 420). Change scale to 1.0 → value becomes 420.0 | H11: Not Run
A12: TC-F-011 | B12: Functional | C12: P2 | D12: String tags decoded | E12: — | F12: Add 'mode' (string16) and 'part_name' (string8); subscribe | G12: mode='AUTO' (possibly padded); part_name='SHAFT-7X'; OPC UA datatype=String | H12: Not Run
A13: TC-F-012 | B13: Functional | C13: P1 | D13: Edit source via pencil icon | E13: modbus-sim-1 exists | F13: Sources tab → pencil → wizard pre-fills → change PollIntervalMs 1000→500 → Save changes | G13: Navigates to source detail; snackbar confirms; UaExpert update frequency doubles | H13: Not Run
... A68: TC-E-006 | B68: Edge | C68: P3 | D68: Reload Studio while config apply in progress | E68: — | F68: Initiate apply; F5 within 1-2s | G68: Studio reloads to consistent state (pre or post apply, never mid) | H68: Not Run
